,Entity,Year,Authoritarian,Partially Authoritarian,Partial Democracy,Liberal Democracy
0,Africa,1789,5,0,0,0
1,Africa,1790,5,0,0,0
2,Africa,1791,5,0,0,0
3,Africa,1792,5,0,0,0
4,Africa,1793,5,0,0,0
5,Africa,1794,5,0,0,0
6,Africa,1795,5,0,0,0
7,Africa,1796,5,0,0,0
8,Africa,1797,5,0,0,0
9,Africa,1798,5,0,0,0
10,Africa,1799,5,0,0,0
11,Africa,1800,5,0,0,0
12,Africa,1801,5,0,0,0
13,Africa,1802,5,0,0,0
14,Africa,1803,5,0,0,0
15,Africa,1804,5,0,0,0
16,Africa,1805,5,0,0,0
17,Africa,1806,5,0,0,0
18,Africa,1807,5,0,0,0
19,Africa,1808,5,0,0,0
20,Africa,1809,5,0,0,0
21,Africa,1810,4,0,0,0
22,Africa,1811,4,0,0,0
23,Africa,1812,4,0,0,0
24,Africa,1813,4,0,0,0
25,Africa,1814,4,0,0,0
26,Africa,1815,4,0,0,0
27,Africa,1816,4,0,0,0
28,Africa,1817,5,0,0,0
29,Africa,1818,5,0,0,0
30,Africa,1819,5,0,0,0
31,Africa,1820,5,0,0,0
32,Africa,1821,6,0,0,0
33,Africa,1822,6,0,0,0
34,Africa,1823,6,0,0,0
35,Africa,1824,6,0,0,0
36,Africa,1825,6,0,0,0
37,Africa,1826,6,0,0,0
38,Africa,1827,6,0,0,0
39,Africa,1828,6,0,0,0
40,Africa,1829,6,0,0,0
41,Africa,1830,6,0,0,0
42,Africa,1831,6,0,0,0
43,Africa,1832,6,0,0,0
44,Africa,1833,6,0,0,0
45,Africa,1834,6,0,0,0
46,Africa,1835,6,0,0,0
47,Africa,1836,6,0,0,0
48,Africa,1837,6,0,0,0
49,Africa,1838,6,0,0,0
50,Africa,1839,6,0,0,0
51,Africa,1840,6,0,0,0
52,Africa,1841,6,0,0,0
53,Africa,1842,6,0,0,0
54,Africa,1843,6,0,0,0
55,Africa,1844,6,0,0,0
56,Africa,1845,6,0,0,0
57,Africa,1846,6,0,0,0
58,Africa,1847,6,0,0,0
59,Africa,1848,5,1,0,0
60,Africa,1849,5,1,0,0
61,Africa,1850,5,1,0,0
62,Africa,1851,5,1,0,0
63,Africa,1852,5,1,0,0
64,Africa,1853,5,1,0,0
65,Africa,1854,5,1,0,0
66,Africa,1855,5,1,0,0
67,Africa,1856,5,1,0,0
68,Africa,1857,5,1,0,0
69,Africa,1858,5,1,0,0
70,Africa,1859,5,1,0,0
71,Africa,1860,5,1,0,0
72,Africa,1861,5,1,0,0
73,Africa,1862,5,1,0,0
74,Africa,1863,5,1,0,0
75,Africa,1864,5,1,0,0
76,Africa,1865,5,1,0,0
77,Africa,1866,5,1,0,0
78,Africa,1867,5,1,0,0
79,Africa,1868,5,1,0,0
80,Africa,1869,5,1,0,0
81,Africa,1870,5,1,0,0
82,Africa,1871,5,1,0,0
83,Africa,1872,5,1,0,0
84,Africa,1873,5,1,0,0
85,Africa,1874,5,1,0,0
86,Africa,1875,5,1,0,0
87,Africa,1876,5,1,0,0
88,Africa,1877,5,1,0,0
89,Africa,1878,5,1,0,0
90,Africa,1879,5,1,0,0
91,Africa,1880,5,1,0,0
92,Africa,1881,5,1,0,0
93,Africa,1882,5,1,0,0
94,Africa,1883,5,1,0,0
95,Africa,1884,5,1,0,0
96,Africa,1885,5,1,0,0
97,Africa,1886,5,1,0,0
98,Africa,1887,5,1,0,0
99,Africa,1888,5,1,0,0
100,Africa,1889,5,1,0,0
101,Africa,1890,5,1,0,0
102,Africa,1891,5,1,0,0
103,Africa,1892,5,1,0,0
104,Africa,1893,5,1,0,0
105,Africa,1894,5,1,0,0
106,Africa,1895,5,1,0,0
107,Africa,1896,5,1,0,0
108,Africa,1897,5,1,0,0
109,Africa,1898,5,1,0,0
110,Africa,1899,5,1,0,0
111,Africa,1900,36,1,0,0
112,Africa,1901,36,1,0,0
113,Africa,1902,37,1,0,0
114,Africa,1903,39,1,0,0
115,Africa,1904,41,1,0,0
116,Africa,1905,41,1,0,0
117,Africa,1906,41,1,0,0
118,Africa,1907,41,1,0,0
119,Africa,1908,41,1,0,0
120,Africa,1909,41,1,0,0
121,Africa,1910,41,2,0,0
122,Africa,1911,43,2,0,0
123,Africa,1912,42,2,0,0
124,Africa,1913,42,2,0,0
125,Africa,1914,43,2,0,0
126,Africa,1915,43,2,0,0
127,Africa,1916,46,2,0,0
128,Africa,1917,46,2,0,0
129,Africa,1918,46,2,0,0
130,Africa,1919,47,2,0,0
131,Africa,1920,49,2,0,0
132,Africa,1921,49,2,0,0
133,Africa,1922,51,2,0,0
134,Africa,1923,50,3,0,0
135,Africa,1924,50,3,0,0
136,Africa,1925,50,3,0,0
137,Africa,1926,50,3,0,0
138,Africa,1927,50,3,0,0
139,Africa,1928,50,3,0,0
140,Africa,1929,50,3,0,0
141,Africa,1930,50,3,0,0
142,Africa,1931,50,3,0,0
143,Africa,1932,49,3,0,0
144,Africa,1933,49,3,0,0
145,Africa,1934,49,3,0,0
146,Africa,1935,49,3,0,0
147,Africa,1936,49,3,0,0
148,Africa,1937,49,3,0,0
149,Africa,1938,49,3,0,0
150,Africa,1939,49,3,0,0
151,Africa,1940,49,3,0,0
152,Africa,1941,49,3,0,0
153,Africa,1942,48,3,0,0
154,Africa,1943,48,3,0,0
155,Africa,1944,48,3,0,0
156,Africa,1945,47,4,0,0
157,Africa,1946,48,4,0,0
158,Africa,1947,49,4,0,0
159,Africa,1948,49,4,0,0
160,Africa,1949,49,4,0,0
161,Africa,1950,49,4,0,0
162,Africa,1951,50,4,0,0
163,Africa,1952,50,4,0,0
164,Africa,1953,51,3,0,0
165,Africa,1954,50,4,0,0
166,Africa,1955,50,4,0,0
167,Africa,1956,49,5,0,0
168,Africa,1957,45,9,0,0
169,Africa,1958,43,11,0,0
170,Africa,1959,44,10,0,0
171,Africa,1960,34,19,0,0
172,Africa,1961,30,24,0,0
173,Africa,1962,28,26,0,0
174,Africa,1963,27,27,0,0
175,Africa,1964,28,26,0,0
176,Africa,1965,30,24,0,0
177,Africa,1966,34,20,0,0
178,Africa,1967,36,17,1,0
179,Africa,1968,33,18,2,0
180,Africa,1969,36,16,2,0
181,Africa,1970,35,17,2,0
182,Africa,1971,36,16,2,0
183,Africa,1972,36,14,2,0
184,Africa,1973,37,13,2,0
185,Africa,1974,37,14,2,0
186,Africa,1975,36,14,2,0
187,Africa,1976,35,15,2,0
188,Africa,1977,36,15,2,0
189,Africa,1978,38,13,2,0
190,Africa,1979,34,18,2,0
191,Africa,1980,31,19,3,0
192,Africa,1981,32,19,2,0
193,Africa,1982,33,18,2,0
194,Africa,1983,33,17,2,0
195,Africa,1984,33,18,2,0
196,Africa,1985,34,18,1,1
197,Africa,1986,33,19,1,1
198,Africa,1987,34,18,1,1
199,Africa,1988,34,17,2,1
200,Africa,1989,32,19,2,1
201,Africa,1990,30,19,3,1
202,Africa,1991,30,18,5,1
203,Africa,1992,28,20,6,1
204,Africa,1993,24,21,9,1
205,Africa,1994,21,23,9,1
206,Africa,1995,19,23,11,1
207,Africa,1996,17,23,11,2
208,Africa,1997,15,27,11,2
209,Africa,1998,14,28,11,2
210,Africa,1999,15,27,10,3
211,Africa,2000,14,28,10,3
212,Africa,2001,14,29,9,3
213,Africa,2002,11,29,11,3
214,Africa,2003,11,27,11,4
215,Africa,2004,10,29,11,4
216,Africa,2005,9,31,11,4
217,Africa,2006,7,32,12,4
218,Africa,2007,6,33,12,4
219,Africa,2008,8,30,13,4
220,Africa,2009,8,32,11,4
221,Africa,2010,7,31,12,4
222,Africa,2011,8,30,13,4
223,Africa,2012,6,31,14,4
224,Africa,2013,8,29,15,4
225,Africa,2014,6,27,18,3
226,Africa,2015,6,29,19,2
227,Africa,2016,6,28,20,2
228,Africa,2017,6,28,19,3
229,Africa,2018,6,28,19,3
230,Africa,2019,7,29,17,3
231,Africa,2020,8,29,16,3
232,Africa,2021,10,28,17,1
233,Africa,2022,11,28,16,1
234,Asia,1789,11,0,0,0
235,Asia,1790,11,0,0,0
236,Asia,1791,11,0,0,0
237,Asia,1792,11,0,0,0
238,Asia,1793,11,0,0,0
239,Asia,1794,11,0,0,0
240,Asia,1795,11,0,0,0
241,Asia,1796,11,0,0,0
242,Asia,1797,11,0,0,0
243,Asia,1798,11,0,0,0
244,Asia,1799,11,0,0,0
245,Asia,1800,12,0,0,0
246,Asia,1801,12,0,0,0
247,Asia,1802,13,0,0,0
248,Asia,1803,13,0,0,0
249,Asia,1804,13,0,0,0
250,Asia,1805,13,0,0,0
251,Asia,1806,13,0,0,0
252,Asia,1807,13,0,0,0
253,Asia,1808,13,0,0,0
254,Asia,1809,13,0,0,0
255,Asia,1810,13,0,0,0
256,Asia,1811,13,0,0,0
257,Asia,1812,13,0,0,0
258,Asia,1813,13,0,0,0
259,Asia,1814,13,0,0,0
260,Asia,1815,13,0,0,0
261,Asia,1816,13,0,0,0
262,Asia,1817,13,0,0,0
263,Asia,1818,13,0,0,0
264,Asia,1819,12,0,0,0
265,Asia,1820,12,0,0,0
266,Asia,1821,12,0,0,0
267,Asia,1822,13,0,0,0
268,Asia,1823,13,0,0,0
269,Asia,1824,13,0,0,0
270,Asia,1825,13,0,0,0
271,Asia,1826,13,0,0,0
272,Asia,1827,13,0,0,0
273,Asia,1828,13,0,0,0
274,Asia,1829,13,0,0,0
275,Asia,1830,13,0,0,0
276,Asia,1831,13,0,0,0
277,Asia,1832,13,0,0,0
278,Asia,1833,13,0,0,0
279,Asia,1834,13,0,0,0
280,Asia,1835,13,0,0,0
281,Asia,1836,13,0,0,0
282,Asia,1837,13,0,0,0
283,Asia,1838,13,0,0,0
284,Asia,1839,13,0,0,0
285,Asia,1840,13,0,0,0
286,Asia,1841,13,0,0,0
287,Asia,1842,13,0,0,0
288,Asia,1843,13,0,0,0
289,Asia,1844,13,0,0,0
290,Asia,1845,13,0,0,0
291,Asia,1846,13,0,0,0
292,Asia,1847,13,0,0,0
293,Asia,1848,13,0,0,0
294,Asia,1849,13,0,0,0
295,Asia,1850,13,0,0,0
296,Asia,1851,12,0,0,0
297,Asia,1852,12,0,0,0
298,Asia,1853,12,0,0,0
299,Asia,1854,12,0,0,0
300,Asia,1855,12,0,0,0
301,Asia,1856,12,0,0,0
302,Asia,1857,12,0,0,0
303,Asia,1858,12,0,0,0
304,Asia,1859,12,0,0,0
305,Asia,1860,12,0,0,0
306,Asia,1861,12,0,0,0
307,Asia,1862,12,0,0,0
308,Asia,1863,12,0,0,0
309,Asia,1864,12,0,0,0
310,Asia,1865,12,0,0,0
311,Asia,1866,12,0,0,0
312,Asia,1867,12,0,0,0
313,Asia,1868,12,0,0,0
314,Asia,1869,12,0,0,0
315,Asia,1870,12,0,0,0
316,Asia,1871,12,0,0,0
317,Asia,1872,12,0,0,0
318,Asia,1873,12,0,0,0
319,Asia,1874,12,0,0,0
320,Asia,1875,12,0,0,0
321,Asia,1876,12,0,0,0
322,Asia,1877,12,0,0,0
323,Asia,1878,12,0,0,0
324,Asia,1879,12,0,0,0
325,Asia,1880,12,0,0,0
326,Asia,1881,12,0,0,0
327,Asia,1882,12,0,0,0
328,Asia,1883,12,0,0,0
329,Asia,1884,12,0,0,0
330,Asia,1885,12,0,0,0
331,Asia,1886,12,0,0,0
332,Asia,1887,11,0,0,0
333,Asia,1888,11,0,0,0
334,Asia,1889,11,0,0,0
335,Asia,1890,11,0,0,0
336,Asia,1891,11,0,0,0
337,Asia,1892,11,0,0,0
338,Asia,1893,11,0,0,0
339,Asia,1894,11,0,0,0
340,Asia,1895,11,0,0,0
341,Asia,1896,11,0,0,0
342,Asia,1897,11,0,0,0
343,Asia,1898,11,0,0,0
344,Asia,1899,11,0,0,0
345,Asia,1900,28,0,0,0
346,Asia,1901,28,0,0,0
347,Asia,1902,29,0,0,0
348,Asia,1903,29,0,0,0
349,Asia,1904,29,0,0,0
350,Asia,1905,29,0,0,0
351,Asia,1906,29,0,0,0
352,Asia,1907,29,0,0,0
353,Asia,1908,29,0,0,0
354,Asia,1909,29,0,0,0
355,Asia,1910,29,0,0,0
356,Asia,1911,30,0,0,0
357,Asia,1912,31,0,0,0
358,Asia,1913,31,0,0,0
359,Asia,1914,31,0,0,0
360,Asia,1915,31,0,0,0
361,Asia,1916,31,0,0,0
362,Asia,1917,31,0,0,0
363,Asia,1918,34,0,0,0
364,Asia,1919,35,0,0,0
365,Asia,1920,35,0,0,0
366,Asia,1921,34,0,0,0
367,Asia,1922,35,1,0,0
368,Asia,1923,36,0,0,0
369,Asia,1924,36,0,0,0
370,Asia,1925,36,0,0,0
371,Asia,1926,36,0,0,0
372,Asia,1927,36,0,0,0
373,Asia,1928,36,0,0,0
374,Asia,1929,36,0,0,0
375,Asia,1930,36,0,0,0
376,Asia,1931,36,0,0,0
377,Asia,1932,36,0,0,0
378,Asia,1933,35,1,0,0
379,Asia,1934,35,1,0,0
380,Asia,1935,35,1,0,0
381,Asia,1936,35,1,0,0
382,Asia,1937,35,1,0,0
383,Asia,1938,35,1,0,0
384,Asia,1939,35,1,0,0
385,Asia,1940,35,1,0,0
386,Asia,1941,35,1,0,0
387,Asia,1942,35,1,0,0
388,Asia,1943,34,2,0,0
389,Asia,1944,34,2,0,0
390,Asia,1945,35,3,0,0
391,Asia,1946,33,5,0,0
392,Asia,1947,31,8,0,0
393,Asia,1948,34,7,1,0
394,Asia,1949,33,6,2,0
395,Asia,1950,31,7,2,0
396,Asia,1951,30,8,2,0
397,Asia,1952,28,8,3,1
398,Asia,1953,27,9,3,1
399,Asia,1954,27,9,3,1
400,Asia,1955,22,13,3,1
401,Asia,1956,22,13,4,1
402,Asia,1957,22,13,4,1
403,Asia,1958,24,12,3,1
404,Asia,1959,23,13,3,1
405,Asia,1960,25,11,3,1
406,Asia,1961,25,11,3,1
407,Asia,1962,27,9,3,1
408,Asia,1963,27,9,3,1
409,Asia,1964,28,8,3,1
410,Asia,1965,27,9,3,1
411,Asia,1966,26,9,3,2
412,Asia,1967,25,10,3,2
413,Asia,1968,25,10,3,2
414,Asia,1969,25,10,3,2
415,Asia,1970,26,9,3,2
416,Asia,1971,28,10,2,2
417,Asia,1972,27,9,3,2
418,Asia,1973,25,12,3,2
419,Asia,1974,25,12,3,2
420,Asia,1975,24,14,2,2
421,Asia,1976,27,10,2,2
422,Asia,1977,27,8,3,2
423,Asia,1978,27,8,3,2
424,Asia,1979,27,9,3,2
425,Asia,1980,26,11,2,2
426,Asia,1981,26,11,2,2
427,Asia,1982,27,10,2,2
428,Asia,1983,26,12,1,2
429,Asia,1984,26,12,1,2
430,Asia,1985,25,13,1,2
431,Asia,1986,23,15,1,2
432,Asia,1987,23,15,1,2
433,Asia,1988,22,14,3,2
434,Asia,1989,21,15,3,2
435,Asia,1990,25,17,5,2
436,Asia,1991,23,17,6,2
437,Asia,1992,21,18,7,2
438,Asia,1993,21,18,6,3
439,Asia,1994,20,19,6,3
440,Asia,1995,19,20,6,3
441,Asia,1996,16,23,6,3
442,Asia,1997,16,22,7,3
443,Asia,1998,16,21,8,3
444,Asia,1999,17,19,9,3
445,Asia,2000,18,19,7,4
446,Asia,2001,18,17,9,4
447,Asia,2002,17,18,9,4
448,Asia,2003,17,18,9,4
449,Asia,2004,16,18,9,4
450,Asia,2005,15,21,8,4
451,Asia,2006,15,22,7,4
452,Asia,2007,18,21,6,4
453,Asia,2008,14,24,6,4
454,Asia,2009,14,22,8,4
455,Asia,2010,14,21,9,4
456,Asia,2011,13,22,9,4
457,Asia,2012,13,21,10,4
458,Asia,2013,14,23,7,4
459,Asia,2014,16,20,8,4
460,Asia,2015,16,19,9,4
461,Asia,2016,17,18,9,4
462,Asia,2017,17,19,8,4
463,Asia,2018,16,20,8,4
464,Asia,2019,15,20,9,4
465,Asia,2020,15,20,9,4
466,Asia,2021,17,18,8,5
467,Asia,2022,18,17,9,4
468,Europe,1789,23,0,0,0
469,Europe,1790,24,1,0,0
470,Europe,1791,24,1,0,0
471,Europe,1792,23,2,0,0
472,Europe,1793,23,2,0,0
473,Europe,1794,23,2,0,0
474,Europe,1795,23,2,0,0
475,Europe,1796,20,3,0,0
476,Europe,1797,20,3,0,0
477,Europe,1798,20,3,0,0
478,Europe,1799,22,1,0,0
479,Europe,1800,23,1,0,0
480,Europe,1801,22,1,0,0
481,Europe,1802,23,1,0,0
482,Europe,1803,22,1,0,0
483,Europe,1804,22,1,0,0
484,Europe,1805,22,1,0,0
485,Europe,1806,22,1,0,0
486,Europe,1807,24,1,0,0
487,Europe,1808,23,1,0,0
488,Europe,1809,24,1,0,0
489,Europe,1810,23,1,0,0
490,Europe,1811,21,1,0,0
491,Europe,1812,21,1,0,0
492,Europe,1813,23,1,0,0
493,Europe,1814,25,1,0,0
494,Europe,1815,28,1,0,0
495,Europe,1816,28,1,0,0
496,Europe,1817,28,1,0,0
497,Europe,1818,28,1,0,0
498,Europe,1819,29,1,0,0
499,Europe,1820,29,1,0,0
500,Europe,1821,29,1,0,0
501,Europe,1822,30,1,0,0
502,Europe,1823,29,2,0,0
503,Europe,1824,30,1,0,0
504,Europe,1825,30,1,0,0
505,Europe,1826,30,1,0,0
506,Europe,1827,30,1,0,0
507,Europe,1828,30,1,0,0
508,Europe,1829,30,1,0,0
509,Europe,1830,31,1,0,0
510,Europe,1831,32,1,0,0
511,Europe,1832,32,2,0,0
512,Europe,1833,32,2,0,0
513,Europe,1834,33,2,0,0
514,Europe,1835,33,2,0,0
515,Europe,1836,32,3,0,0
516,Europe,1837,32,3,0,0
517,Europe,1838,32,3,0,0
518,Europe,1839,32,3,0,0
519,Europe,1840,33,2,0,0
520,Europe,1841,33,2,0,0
521,Europe,1842,33,2,0,0
522,Europe,1843,33,2,0,0
523,Europe,1844,33,2,0,0
524,Europe,1845,33,2,0,0
525,Europe,1846,34,2,0,0
526,Europe,1847,33,2,0,0
527,Europe,1848,30,7,0,0
528,Europe,1849,31,5,0,1
529,Europe,1850,31,5,0,1
530,Europe,1851,32,4,0,1
531,Europe,1852,32,4,0,1
532,Europe,1853,32,4,0,1
533,Europe,1854,32,4,0,1
534,Europe,1855,32,4,0,1
535,Europe,1856,32,4,0,1
536,Europe,1857,32,4,0,1
537,Europe,1858,31,5,0,1
538,Europe,1859,32,4,0,1
539,Europe,1860,30,4,0,1
540,Europe,1861,29,4,0,1
541,Europe,1862,27,4,0,1
542,Europe,1863,28,4,0,1
543,Europe,1864,28,4,0,1
544,Europe,1865,26,6,0,1
545,Europe,1866,27,5,0,1
546,Europe,1867,24,5,0,1
547,Europe,1868,17,5,0,1
548,Europe,1869,16,6,0,1
549,Europe,1870,15,7,0,1
550,Europe,1871,15,7,0,1
551,Europe,1872,11,7,0,1
552,Europe,1873,11,7,0,1
553,Europe,1874,12,5,1,1
554,Europe,1875,11,6,1,1
555,Europe,1876,11,6,1,1
556,Europe,1877,11,6,1,1
557,Europe,1878,12,6,1,1
558,Europe,1879,12,6,1,1
559,Europe,1880,12,6,1,1
560,Europe,1881,12,6,1,1
561,Europe,1882,11,7,1,1
562,Europe,1883,11,7,1,1
563,Europe,1884,11,7,1,1
564,Europe,1885,11,7,1,1
565,Europe,1886,10,8,1,1
566,Europe,1887,11,7,1,1
567,Europe,1888,11,7,1,1
568,Europe,1889,11,7,1,1
569,Europe,1890,11,7,1,1
570,Europe,1891,11,7,1,1
571,Europe,1892,11,7,1,1
572,Europe,1893,11,7,1,1
573,Europe,1894,11,7,1,1
574,Europe,1895,11,7,1,1
575,Europe,1896,11,7,1,1
576,Europe,1897,11,6,1,2
577,Europe,1898,11,7,1,1
578,Europe,1899,11,7,1,1
579,Europe,1900,15,6,1,2
580,Europe,1901,14,7,1,2
581,Europe,1902,14,6,1,3
582,Europe,1903,14,6,1,3
583,Europe,1904,13,6,2,3
584,Europe,1905,13,6,2,3
585,Europe,1906,13,5,3,3
586,Europe,1907,13,5,3,3
587,Europe,1908,13,5,3,3
588,Europe,1909,13,5,3,3
589,Europe,1910,13,5,3,3
590,Europe,1911,12,6,3,3
591,Europe,1912,12,6,3,3
592,Europe,1913,12,6,3,3
593,Europe,1914,14,6,3,2
594,Europe,1915,14,7,3,2
595,Europe,1916,15,6,3,2
596,Europe,1917,12,9,3,2
597,Europe,1918,14,7,4,3
598,Europe,1919,12,7,6,4
599,Europe,1920,9,9,8,5
600,Europe,1921,6,8,11,6
601,Europe,1922,6,7,11,7
602,Europe,1923,7,5,12,7
603,Europe,1924,7,5,12,7
604,Europe,1925,7,5,11,8
605,Europe,1926,8,5,10,8
606,Europe,1927,10,4,9,8
607,Europe,1928,10,4,9,8
608,Europe,1929,11,3,9,8
609,Europe,1930,11,3,10,7
610,Europe,1931,11,3,10,7
611,Europe,1932,8,4,11,7
612,Europe,1933,8,6,9,7
613,Europe,1934,12,4,7,7
614,Europe,1935,14,3,7,7
615,Europe,1936,14,3,7,7
616,Europe,1937,14,4,6,7
617,Europe,1938,15,3,6,7
618,Europe,1939,16,1,5,7
619,Europe,1940,17,2,3,4
620,Europe,1941,18,2,3,4
621,Europe,1942,19,1,3,4
622,Europe,1943,19,2,2,4
623,Europe,1944,21,1,1,5
624,Europe,1945,17,3,2,5
625,Europe,1946,13,2,2,10
626,Europe,1947,8,5,3,11
627,Europe,1948,8,4,4,11
628,Europe,1949,10,3,3,13
629,Europe,1950,10,3,3,13
630,Europe,1951,11,2,3,13
631,Europe,1952,12,1,3,13
632,Europe,1953,12,1,3,13
633,Europe,1954,12,1,3,13
634,Europe,1955,12,1,3,13
635,Europe,1956,12,1,2,14
636,Europe,1957,11,2,2,14
637,Europe,1958,10,3,2,14
638,Europe,1959,11,3,1,14
639,Europe,1960,10,4,1,14
640,Europe,1961,11,3,1,14
641,Europe,1962,10,4,1,14
642,Europe,1963,10,3,2,14
643,Europe,1964,10,3,2,14
644,Europe,1965,10,3,2,14
645,Europe,1966,10,3,2,14
646,Europe,1967,11,2,2,14
647,Europe,1968,11,2,2,14
648,Europe,1969,11,2,2,14
649,Europe,1970,11,2,1,15
650,Europe,1971,11,2,1,15
651,Europe,1972,11,2,1,15
652,Europe,1973,11,2,1,15
653,Europe,1974,10,3,1,15
654,Europe,1975,10,1,3,15
655,Europe,1976,9,1,3,16
656,Europe,1977,9,1,2,17
657,Europe,1978,9,0,3,17
658,Europe,1979,9,0,3,17
659,Europe,1980,9,0,3,17
660,Europe,1981,9,0,3,17
661,Europe,1982,9,0,3,17
662,Europe,1983,9,0,2,18
663,Europe,1984,9,0,2,18
664,Europe,1985,9,0,2,18
665,Europe,1986,9,0,2,18
666,Europe,1987,9,0,2,18
667,Europe,1988,9,0,2,18
668,Europe,1989,8,2,2,18
669,Europe,1990,4,2,10,20
670,Europe,1991,3,4,8,22
671,Europe,1992,2,4,10,22
672,Europe,1993,2,4,9,23
673,Europe,1994,1,5,10,23
674,Europe,1995,1,5,10,23
675,Europe,1996,0,7,8,24
676,Europe,1997,0,6,9,24
677,Europe,1998,0,7,9,24
678,Europe,1999,1,8,7,25
679,Europe,2000,1,7,8,25
680,Europe,2001,1,6,9,25
681,Europe,2002,0,6,10,25
682,Europe,2003,0,5,11,25
683,Europe,2004,0,4,11,26
684,Europe,2005,0,4,11,26
685,Europe,2006,0,4,10,27
686,Europe,2007,0,4,9,28
687,Europe,2008,0,4,9,28
688,Europe,2009,0,3,10,28
689,Europe,2010,0,3,11,27
690,Europe,2011,0,5,9,27
691,Europe,2012,0,5,9,27
692,Europe,2013,0,6,10,25
693,Europe,2014,0,6,9,26
694,Europe,2015,0,6,9,26
695,Europe,2016,0,6,12,23
696,Europe,2017,0,5,12,24
697,Europe,2018,0,7,11,23
698,Europe,2019,0,7,11,23
699,Europe,2020,0,6,13,22
700,Europe,2021,0,5,16,20
701,Europe,2022,0,6,15,20
702,North America,1789,6,0,0,0
703,North America,1790,6,0,0,0
704,North America,1791,6,0,0,0
705,North America,1792,6,0,0,0
706,North America,1793,6,0,0,0
707,North America,1794,6,0,0,0
708,North America,1795,6,0,0,0
709,North America,1796,5,1,0,0
710,North America,1797,5,1,0,0
711,North America,1798,5,1,0,0
712,North America,1799,5,1,0,0
713,North America,1800,5,1,0,0
714,North America,1801,5,1,0,0
715,North America,1802,5,1,0,0
716,North America,1803,5,1,0,0
717,North America,1804,5,1,0,0
718,North America,1805,5,1,0,0
719,North America,1806,5,1,0,0
720,North America,1807,5,1,0,0
721,North America,1808,5,1,0,0
722,North America,1809,5,1,0,0
723,North America,1810,5,1,0,0
724,North America,1811,5,1,0,0
725,North America,1812,5,1,0,0
726,North America,1813,5,1,0,0
727,North America,1814,5,1,0,0
728,North America,1815,5,1,0,0
729,North America,1816,5,1,0,0
730,North America,1817,5,1,0,0
731,North America,1818,5,1,0,0
732,North America,1819,5,1,0,0
733,North America,1820,5,1,0,0
734,North America,1821,5,1,0,0
735,North America,1822,4,1,0,0
736,North America,1823,4,1,0,0
737,North America,1824,4,1,0,0
738,North America,1825,4,1,0,0
739,North America,1826,4,1,0,0
740,North America,1827,4,1,0,0
741,North America,1828,4,1,0,0
742,North America,1829,4,1,0,0
743,North America,1830,4,1,0,0
744,North America,1831,4,1,0,0
745,North America,1832,4,1,0,0
746,North America,1833,4,1,0,0
747,North America,1834,4,1,0,0
748,North America,1835,4,1,0,0
749,North America,1836,4,1,0,0
750,North America,1837,4,1,0,0
751,North America,1838,7,1,0,0
752,North America,1839,7,2,0,0
753,North America,1840,7,2,0,0
754,North America,1841,9,1,0,0
755,North America,1842,7,3,0,0
756,North America,1843,7,3,0,0
757,North America,1844,7,4,0,0
758,North America,1845,7,4,0,0
759,North America,1846,8,3,0,0
760,North America,1847,7,4,0,0
761,North America,1848,6,5,0,0
762,North America,1849,5,5,0,0
763,North America,1850,5,5,0,0
764,North America,1851,5,5,0,0
765,North America,1852,6,5,0,0
766,North America,1853,6,5,0,0
767,North America,1854,6,5,0,0
768,North America,1855,6,5,0,0
769,North America,1856,7,4,0,0
770,North America,1857,7,4,0,0
771,North America,1858,8,3,0,0
772,North America,1859,8,3,0,0
773,North America,1860,8,3,0,0
774,North America,1861,8,3,0,0
775,North America,1862,8,3,0,0
776,North America,1863,10,1,0,0
777,North America,1864,9,2,0,0
778,North America,1865,8,3,0,0
779,North America,1866,8,3,0,0
780,North America,1867,7,3,0,0
781,North America,1868,8,3,0,0
782,North America,1869,8,3,0,0
783,North America,1870,7,4,0,0
784,North America,1871,8,3,0,0
785,North America,1872,8,3,0,0
786,North America,1873,7,4,0,0
787,North America,1874,7,4,0,0
788,North America,1875,7,4,0,0
789,North America,1876,7,4,0,0
790,North America,1877,9,2,0,0
791,North America,1878,8,3,0,0
792,North America,1879,7,3,0,0
793,North America,1880,6,5,0,0
794,North America,1881,6,5,0,0
795,North America,1882,6,5,0,0
796,North America,1883,6,5,0,0
797,North America,1884,6,5,0,0
798,North America,1885,8,3,0,0
799,North America,1886,8,3,0,0
800,North America,1887,7,4,0,0
801,North America,1888,7,4,0,0
802,North America,1889,6,5,0,0
803,North America,1890,8,3,0,0
804,North America,1891,8,3,0,0
805,North America,1892,7,4,0,0
806,North America,1893,7,4,0,0
807,North America,1894,7,4,0,0
808,North America,1895,7,4,0,0
809,North America,1896,8,3,0,0
810,North America,1897,7,4,0,0
811,North America,1898,8,3,0,0
812,North America,1899,7,4,0,0
813,North America,1900,8,6,0,0
814,North America,1901,8,6,0,0
815,North America,1902,8,6,0,0
816,North America,1903,9,6,0,0
817,North America,1904,8,7,0,0
818,North America,1905,7,7,0,0
819,North America,1906,9,6,0,0
820,North America,1907,9,6,0,0
821,North America,1908,10,5,0,0
822,North America,1909,9,6,0,0
823,North America,1910,9,6,0,0
824,North America,1911,9,6,0,0
825,North America,1912,7,7,0,0
826,North America,1913,5,9,0,0
827,North America,1914,5,9,0,0
828,North America,1915,6,8,0,0
829,North America,1916,7,8,0,0
830,North America,1917,9,6,0,0
831,North America,1918,8,5,0,0
832,North America,1919,8,6,0,0
833,North America,1920,6,7,1,0
834,North America,1921,6,6,2,0
835,North America,1922,6,5,2,0
836,North America,1923,5,6,2,0
837,North America,1924,5,6,2,0
838,North America,1925,4,7,2,0
839,North America,1926,4,7,2,0
840,North America,1927,6,5,2,0
841,North America,1928,6,6,2,0
842,North America,1929,7,5,2,0
843,North America,1930,6,6,2,0
844,North America,1931,5,7,2,0
845,North America,1932,5,7,2,0
846,North America,1933,6,6,2,0
847,North America,1934,6,7,2,0
848,North America,1935,8,5,2,0
849,North America,1936,7,6,2,0
850,North America,1937,7,6,2,0
851,North America,1938,7,6,2,0
852,North America,1939,7,6,2,0
853,North America,1940,7,6,2,0
854,North America,1941,7,6,2,0
855,North America,1942,7,6,2,0
856,North America,1943,7,6,2,0
857,North America,1944,6,7,2,0
858,North America,1945,6,7,2,0
859,North America,1946,7,6,2,0
860,North America,1947,6,7,2,0
861,North America,1948,7,6,2,0
862,North America,1949,7,6,2,0
863,North America,1950,6,6,3,0
864,North America,1951,7,5,3,0
865,North America,1952,7,5,3,0
866,North America,1953,6,6,3,0
867,North America,1954,7,5,3,0
868,North America,1955,6,5,4,0
869,North America,1956,4,7,4,0
870,North America,1957,3,8,4,0
871,North America,1958,4,7,4,0
872,North America,1959,5,6,4,0
873,North America,1960,5,5,5,0
874,North America,1961,7,3,5,0
875,North America,1962,6,3,6,0
876,North America,1963,4,5,6,0
877,North America,1964,5,4,6,0
878,North America,1965,4,5,6,0
879,North America,1966,4,5,6,0
880,North America,1967,3,6,6,0
881,North America,1968,4,5,6,0
882,North America,1969,4,5,5,1
883,North America,1970,4,5,5,1
884,North America,1971,3,6,5,1
885,North America,1972,4,5,5,1
886,North America,1973,4,4,5,1
887,North America,1974,5,4,5,1
888,North America,1975,5,4,5,1
889,North America,1976,5,4,4,2
890,North America,1977,5,5,3,2
891,North America,1978,5,5,3,2
892,North America,1979,6,4,3,2
893,North America,1980,6,3,4,2
894,North America,1981,6,4,3,2
895,North America,1982,6,3,4,2
896,North America,1983,6,3,4,2
897,North America,1984,5,2,5,2
898,North America,1985,4,4,5,2
899,North America,1986,3,5,5,2
900,North America,1987,3,5,5,2
901,North America,1988,2,6,5,2
902,North America,1989,3,5,4,3
903,North America,1990,3,5,4,3
904,North America,1991,1,6,5,3
905,North America,1992,2,5,5,3
906,North America,1993,2,5,5,3
907,North America,1994,1,5,6,3
908,North America,1995,1,5,6,3
909,North America,1996,1,3,8,3
910,North America,1997,1,2,9,3
911,North America,1998,1,2,9,3
912,North America,1999,1,1,10,3
913,North America,2000,1,1,10,3
914,North America,2001,1,1,10,3
915,North America,2002,1,1,10,3
916,North America,2003,1,1,10,3
917,North America,2004,2,0,10,3
918,North America,2005,2,0,9,4
919,North America,2006,1,1,9,4
920,North America,2007,1,2,8,4
921,North America,2008,1,2,8,4
922,North America,2009,1,3,7,4
923,North America,2010,1,3,7,4
924,North America,2011,1,3,7,4
925,North America,2012,1,3,7,4
926,North America,2013,1,3,7,4
927,North America,2014,1,3,7,4
928,North America,2015,1,3,6,5
929,North America,2016,1,3,6,5
930,North America,2017,1,3,6,5
931,North America,2018,1,3,6,5
932,North America,2019,1,3,5,6
933,North America,2020,1,3,7,4
934,North America,2021,1,5,5,4
935,North America,2022,1,4,7,3
936,Oceania,1789,1,0,0,0
937,Oceania,1790,1,0,0,0
938,Oceania,1791,1,0,0,0
939,Oceania,1792,1,0,0,0
940,Oceania,1793,1,0,0,0
941,Oceania,1794,1,0,0,0
942,Oceania,1795,1,0,0,0
943,Oceania,1796,1,0,0,0
944,Oceania,1797,1,0,0,0
945,Oceania,1798,1,0,0,0
946,Oceania,1799,1,0,0,0
947,Oceania,1800,1,0,0,0
948,Oceania,1801,1,0,0,0
949,Oceania,1802,1,0,0,0
950,Oceania,1803,1,0,0,0
951,Oceania,1804,1,0,0,0
952,Oceania,1805,1,0,0,0
953,Oceania,1806,1,0,0,0
954,Oceania,1807,1,0,0,0
955,Oceania,1808,1,0,0,0
956,Oceania,1809,1,0,0,0
957,Oceania,1810,1,0,0,0
958,Oceania,1811,1,0,0,0
959,Oceania,1812,1,0,0,0
960,Oceania,1813,1,0,0,0
961,Oceania,1814,1,0,0,0
962,Oceania,1815,1,0,0,0
963,Oceania,1816,1,0,0,0
964,Oceania,1817,1,0,0,0
965,Oceania,1818,1,0,0,0
966,Oceania,1819,1,0,0,0
967,Oceania,1820,1,0,0,0
968,Oceania,1821,1,0,0,0
969,Oceania,1822,1,0,0,0
970,Oceania,1823,1,0,0,0
971,Oceania,1824,1,0,0,0
972,Oceania,1825,1,0,0,0
973,Oceania,1826,1,0,0,0
974,Oceania,1827,1,0,0,0
975,Oceania,1828,1,0,0,0
976,Oceania,1829,1,0,0,0
977,Oceania,1830,1,0,0,0
978,Oceania,1831,1,0,0,0
979,Oceania,1832,1,0,0,0
980,Oceania,1833,1,0,0,0
981,Oceania,1834,1,0,0,0
982,Oceania,1835,1,0,0,0
983,Oceania,1836,1,0,0,0
984,Oceania,1837,1,0,0,0
985,Oceania,1838,1,0,0,0
986,Oceania,1839,1,0,0,0
987,Oceania,1840,1,0,0,0
988,Oceania,1841,1,0,0,0
989,Oceania,1842,1,0,0,0
990,Oceania,1843,1,0,0,0
991,Oceania,1844,1,0,0,0
992,Oceania,1845,1,0,0,0
993,Oceania,1846,1,0,0,0
994,Oceania,1847,1,0,0,0
995,Oceania,1848,1,0,0,0
996,Oceania,1849,1,0,0,0
997,Oceania,1850,1,0,0,0
998,Oceania,1851,1,0,0,0
999,Oceania,1852,1,0,0,0
1000,Oceania,1853,2,0,0,0
1001,Oceania,1854,2,0,0,0
1002,Oceania,1855,2,0,0,0
1003,Oceania,1856,1,1,0,0
1004,Oceania,1857,1,1,0,0
1005,Oceania,1858,1,0,0,1
1006,Oceania,1859,1,0,0,1
1007,Oceania,1860,1,0,0,1
1008,Oceania,1861,0,0,0,1
1009,Oceania,1862,0,0,0,1
1010,Oceania,1863,0,0,0,1
1011,Oceania,1864,0,0,0,1
1012,Oceania,1865,0,0,0,1
1013,Oceania,1866,0,0,0,1
1014,Oceania,1867,0,0,0,1
1015,Oceania,1868,0,0,0,1
1016,Oceania,1869,0,0,0,1
1017,Oceania,1870,0,0,0,1
1018,Oceania,1871,0,0,0,1
1019,Oceania,1872,0,0,0,1
1020,Oceania,1873,0,0,0,1
1021,Oceania,1874,0,0,0,1
1022,Oceania,1875,0,0,0,1
1023,Oceania,1876,0,0,0,1
1024,Oceania,1877,0,0,0,1
1025,Oceania,1878,0,0,0,1
1026,Oceania,1879,0,0,0,1
1027,Oceania,1880,0,0,0,1
1028,Oceania,1881,0,0,0,1
1029,Oceania,1882,0,0,0,1
1030,Oceania,1883,0,0,0,1
1031,Oceania,1884,0,0,0,1
1032,Oceania,1885,0,0,0,1
1033,Oceania,1886,0,0,0,1
1034,Oceania,1887,0,0,1,1
1035,Oceania,1888,0,0,1,1
1036,Oceania,1889,0,0,1,1
1037,Oceania,1890,0,0,1,1
1038,Oceania,1891,0,0,1,1
1039,Oceania,1892,0,0,1,1
1040,Oceania,1893,0,0,1,1
1041,Oceania,1894,0,0,1,1
1042,Oceania,1895,0,0,1,1
1043,Oceania,1896,0,0,1,1
1044,Oceania,1897,0,0,1,1
1045,Oceania,1898,0,0,1,1
1046,Oceania,1899,0,0,1,1
1047,Oceania,1900,4,0,1,1
1048,Oceania,1901,4,0,1,1
1049,Oceania,1902,4,0,1,1
1050,Oceania,1903,4,0,1,1
1051,Oceania,1904,4,0,1,1
1052,Oceania,1905,4,0,1,1
1053,Oceania,1906,4,0,1,1
1054,Oceania,1907,4,0,1,1
1055,Oceania,1908,4,0,1,1
1056,Oceania,1909,4,0,1,1
1057,Oceania,1910,4,0,1,1
1058,Oceania,1911,4,0,1,1
1059,Oceania,1912,4,0,1,1
1060,Oceania,1913,4,0,0,2
1061,Oceania,1914,4,0,0,2
1062,Oceania,1915,4,0,0,2
1063,Oceania,1916,4,0,1,1
1064,Oceania,1917,4,0,1,1
1065,Oceania,1918,4,0,0,2
1066,Oceania,1919,4,0,0,2
1067,Oceania,1920,4,0,0,2
1068,Oceania,1921,4,0,0,2
1069,Oceania,1922,4,0,0,2
1070,Oceania,1923,4,0,0,2
1071,Oceania,1924,4,0,0,2
1072,Oceania,1925,4,0,0,2
1073,Oceania,1926,4,0,0,2
1074,Oceania,1927,4,0,0,2
1075,Oceania,1928,4,0,0,2
1076,Oceania,1929,4,0,0,2
1077,Oceania,1930,4,0,0,2
1078,Oceania,1931,4,0,0,2
1079,Oceania,1932,4,0,0,2
1080,Oceania,1933,4,0,0,2
1081,Oceania,1934,4,0,0,2
1082,Oceania,1935,4,0,0,2
1083,Oceania,1936,4,0,0,2
1084,Oceania,1937,4,0,0,2
1085,Oceania,1938,4,0,0,2
1086,Oceania,1939,4,0,0,2
1087,Oceania,1940,4,0,0,2
1088,Oceania,1941,4,0,0,2
1089,Oceania,1942,4,0,0,2
1090,Oceania,1943,4,0,0,2
1091,Oceania,1944,4,0,0,2
1092,Oceania,1945,4,0,0,2
1093,Oceania,1946,4,0,0,2
1094,Oceania,1947,4,0,0,2
1095,Oceania,1948,4,0,0,2
1096,Oceania,1949,4,0,0,2
1097,Oceania,1950,4,0,0,2
1098,Oceania,1951,4,0,0,2
1099,Oceania,1952,4,0,0,2
1100,Oceania,1953,4,0,0,2
1101,Oceania,1954,4,0,0,2
1102,Oceania,1955,4,0,0,2
1103,Oceania,1956,4,0,0,2
1104,Oceania,1957,4,0,0,2
1105,Oceania,1958,4,0,0,2
1106,Oceania,1959,4,0,0,2
1107,Oceania,1960,4,0,0,2
1108,Oceania,1961,4,0,0,2
1109,Oceania,1962,4,0,0,2
1110,Oceania,1963,4,0,0,2
1111,Oceania,1964,4,0,0,2
1112,Oceania,1965,4,0,0,2
1113,Oceania,1966,4,0,0,2
1114,Oceania,1967,3,1,0,2
1115,Oceania,1968,3,1,0,2
1116,Oceania,1969,3,1,0,2
1117,Oceania,1970,3,0,1,2
1118,Oceania,1971,3,0,1,2
1119,Oceania,1972,2,1,1,2
1120,Oceania,1973,2,0,2,2
1121,Oceania,1974,1,1,2,2
1122,Oceania,1975,1,1,2,2
1123,Oceania,1976,1,1,2,2
1124,Oceania,1977,0,2,2,2
1125,Oceania,1978,0,2,2,2
1126,Oceania,1979,0,1,3,2
1127,Oceania,1980,0,0,4,2
1128,Oceania,1981,0,0,4,2
1129,Oceania,1982,0,0,4,2
1130,Oceania,1983,0,0,4,2
1131,Oceania,1984,0,0,4,2
1132,Oceania,1985,0,0,4,2
1133,Oceania,1986,0,0,4,2
1134,Oceania,1987,1,0,3,2
1135,Oceania,1988,1,0,3,2
1136,Oceania,1989,1,0,3,2
1137,Oceania,1990,1,0,3,2
1138,Oceania,1991,1,0,3,2
1139,Oceania,1992,0,1,3,2
1140,Oceania,1993,0,0,4,2
1141,Oceania,1994,0,0,4,2
1142,Oceania,1995,0,0,4,2
1143,Oceania,1996,0,0,4,2
1144,Oceania,1997,0,0,4,2
1145,Oceania,1998,0,0,4,2
1146,Oceania,1999,0,0,4,2
1147,Oceania,2000,1,1,2,2
1148,Oceania,2001,1,1,2,2
1149,Oceania,2002,0,2,2,2
1150,Oceania,2003,0,1,3,2
1151,Oceania,2004,0,0,4,2
1152,Oceania,2005,0,0,4,2
1153,Oceania,2006,0,2,2,2
1154,Oceania,2007,1,1,2,2
1155,Oceania,2008,1,1,2,2
1156,Oceania,2009,1,1,2,2
1157,Oceania,2010,1,1,2,2
1158,Oceania,2011,1,1,2,2
1159,Oceania,2012,1,1,2,2
1160,Oceania,2013,1,1,2,2
1161,Oceania,2014,0,2,2,2
1162,Oceania,2015,0,2,2,2
1163,Oceania,2016,0,2,2,2
1164,Oceania,2017,0,2,2,2
1165,Oceania,2018,0,2,2,2
1166,Oceania,2019,0,2,2,2
1167,Oceania,2020,0,2,2,2
1168,Oceania,2021,0,2,2,2
1169,Oceania,2022,0,2,2,2
1170,South America,1789,4,0,0,0
1171,South America,1790,4,0,0,0
1172,South America,1791,4,0,0,0
1173,South America,1792,4,0,0,0
1174,South America,1793,4,0,0,0
1175,South America,1794,4,0,0,0
1176,South America,1795,4,0,0,0
1177,South America,1796,4,0,0,0
1178,South America,1797,4,0,0,0
1179,South America,1798,4,0,0,0
1180,South America,1799,4,0,0,0
1181,South America,1800,4,0,0,0
1182,South America,1801,4,0,0,0
1183,South America,1802,4,0,0,0
1184,South America,1803,4,0,0,0
1185,South America,1804,4,0,0,0
1186,South America,1805,4,0,0,0
1187,South America,1806,4,0,0,0
1188,South America,1807,4,0,0,0
1189,South America,1808,4,0,0,0
1190,South America,1809,4,0,0,0
1191,South America,1810,5,0,0,0
1192,South America,1811,6,0,0,0
1193,South America,1812,6,0,0,0
1194,South America,1813,6,0,0,0
1195,South America,1814,6,0,0,0
1196,South America,1815,6,0,0,0
1197,South America,1816,6,0,0,0
1198,South America,1817,5,1,0,0
1199,South America,1818,5,1,0,0
1200,South America,1819,5,0,0,0
1201,South America,1820,4,0,0,0
1202,South America,1821,4,1,0,0
1203,South America,1822,4,2,0,0
1204,South America,1823,4,2,0,0
1205,South America,1824,3,2,0,0
1206,South America,1825,5,2,0,0
1207,South America,1826,6,2,0,0
1208,South America,1827,6,2,0,0
1209,South America,1828,6,2,0,0
1210,South America,1829,5,3,0,0
1211,South America,1830,8,2,0,0
1212,South America,1831,6,4,0,0
1213,South America,1832,6,4,0,0
1214,South America,1833,6,4,0,0
1215,South America,1834,6,4,0,0
1216,South America,1835,5,5,0,0
1217,South America,1836,5,5,0,0
1218,South America,1837,4,6,0,0
1219,South America,1838,5,5,0,0
1220,South America,1839,5,5,0,0
1221,South America,1840,6,4,0,0
1222,South America,1841,7,3,0,0
1223,South America,1842,7,3,0,0
1224,South America,1843,7,3,0,0
1225,South America,1844,7,3,0,0
1226,South America,1845,7,3,0,0
1227,South America,1846,7,3,0,0
1228,South America,1847,7,3,0,0
1229,South America,1848,7,3,0,0
1230,South America,1849,8,2,0,0
1231,South America,1850,8,2,0,0
1232,South America,1851,6,4,0,0
1233,South America,1852,6,4,0,0
1234,South America,1853,7,3,0,0
1235,South America,1854,6,4,0,0
1236,South America,1855,6,4,0,0
1237,South America,1856,5,4,0,0
1238,South America,1857,5,4,0,0
1239,South America,1858,6,3,0,0
1240,South America,1859,5,5,0,0
1241,South America,1860,5,5,0,0
1242,South America,1861,7,3,0,0
1243,South America,1862,6,4,0,0
1244,South America,1863,5,5,0,0
1245,South America,1864,6,4,0,0
1246,South America,1865,7,2,0,0
1247,South America,1866,6,3,0,0
1248,South America,1867,7,2,0,0
1249,South America,1868,5,4,0,0
1250,South America,1869,7,3,0,0
1251,South America,1870,6,4,0,0
1252,South America,1871,7,3,0,0
1253,South America,1872,5,5,0,0
1254,South America,1873,7,3,0,0
1255,South America,1874,6,4,0,0
1256,South America,1875,6,3,0,0
1257,South America,1876,7,3,0,0
1258,South America,1877,8,2,0,0
1259,South America,1878,6,3,0,0
1260,South America,1879,8,2,0,0
1261,South America,1880,6,4,0,0
1262,South America,1881,5,5,0,0
1263,South America,1882,4,6,0,0
1264,South America,1883,5,5,0,0
1265,South America,1884,4,6,0,0
1266,South America,1885,6,4,0,0
1267,South America,1886,4,5,0,0
1268,South America,1887,4,5,0,0
1269,South America,1888,4,4,0,0
1270,South America,1889,4,4,0,0
1271,South America,1890,4,4,0,0
1272,South America,1891,5,3,0,0
1273,South America,1892,4,5,0,0
1274,South America,1893,5,4,0,0
1275,South America,1894,3,6,0,0
1276,South America,1895,4,6,0,0
1277,South America,1896,4,6,0,0
1278,South America,1897,3,6,0,0
1279,South America,1898,1,8,0,0
1280,South America,1899,2,8,0,0
1281,South America,1900,4,8,0,0
1282,South America,1901,4,8,0,0
1283,South America,1902,4,8,0,0
1284,South America,1903,4,8,0,0
1285,South America,1904,4,8,0,0
1286,South America,1905,4,8,0,0
1287,South America,1906,5,7,0,0
1288,South America,1907,5,7,0,0
1289,South America,1908,5,7,0,0
1290,South America,1909,6,6,0,0
1291,South America,1910,6,6,0,0
1292,South America,1911,5,7,0,0
1293,South America,1912,5,7,0,0
1294,South America,1913,5,7,0,0
1295,South America,1914,5,7,0,0
1296,South America,1915,4,8,0,0
1297,South America,1916,4,8,0,0
1298,South America,1917,4,8,0,0
1299,South America,1918,4,8,0,0
1300,South America,1919,5,6,1,0
1301,South America,1920,5,6,1,0
1302,South America,1921,4,8,0,0
1303,South America,1922,4,7,1,0
1304,South America,1923,4,6,2,0
1305,South America,1924,5,5,2,0
1306,South America,1925,6,4,2,0
1307,South America,1926,4,5,2,0
1308,South America,1927,5,5,2,0
1309,South America,1928,5,5,2,0
1310,South America,1929,5,5,2,0
1311,South America,1930,8,3,1,0
1312,South America,1931,6,4,1,0
1313,South America,1932,5,5,1,0
1314,South America,1933,7,5,0,0
1315,South America,1934,8,4,0,0
1316,South America,1935,9,3,0,0
1317,South America,1936,9,3,0,0
1318,South America,1937,9,3,0,0
1319,South America,1938,6,6,0,0
1320,South America,1939,5,6,1,0
1321,South America,1940,5,6,1,0
1322,South America,1941,5,6,1,0
1323,South America,1942,5,6,1,0
1324,South America,1943,7,4,1,0
1325,South America,1944,7,3,1,0
1326,South America,1945,7,3,1,0
1327,South America,1946,6,4,1,0
1328,South America,1947,4,5,1,0
1329,South America,1948,5,5,1,0
1330,South America,1949,6,5,1,0
1331,South America,1950,5,4,2,0
1332,South America,1951,5,5,2,0
1333,South America,1952,4,6,2,0
1334,South America,1953,5,5,2,0
1335,South America,1954,5,5,2,0
1336,South America,1955,6,4,2,0
1337,South America,1956,5,5,2,0
1338,South America,1957,5,5,2,0
1339,South America,1958,3,7,2,0
1340,South America,1959,2,6,4,0
1341,South America,1960,2,6,4,0
1342,South America,1961,2,6,4,0
1343,South America,1962,4,4,4,0
1344,South America,1963,2,6,4,0
1345,South America,1964,2,5,5,0
1346,South America,1965,3,4,5,0
1347,South America,1966,2,6,4,0
1348,South America,1967,2,6,4,0
1349,South America,1968,2,6,4,0
1350,South America,1969,2,6,4,0
1351,South America,1970,3,5,4,0
1352,South America,1971,3,4,4,0
1353,South America,1972,4,5,3,0
1354,South America,1973,5,5,2,0
1355,South America,1974,5,4,3,0
1356,South America,1975,5,5,2,0
1357,South America,1976,6,4,2,0
1358,South America,1977,6,4,2,0
1359,South America,1978,6,4,2,0
1360,South America,1979,4,6,2,0
1361,South America,1980,5,5,2,0
1362,South America,1981,5,4,3,0
1363,South America,1982,5,4,3,0
1364,South America,1983,4,5,3,0
1365,South America,1984,4,4,4,0
1366,South America,1985,2,5,4,1
1367,South America,1986,2,4,5,1
1368,South America,1987,2,3,6,1
1369,South America,1988,1,3,7,1
1370,South America,1989,1,3,7,1
1371,South America,1990,0,3,8,1
1372,South America,1991,0,3,8,1
1373,South America,1992,1,2,8,1
1374,South America,1993,1,1,9,1
1375,South America,1994,1,1,9,1
1376,South America,1995,0,2,9,1
1377,South America,1996,0,2,8,2
1378,South America,1997,0,2,8,2
1379,South America,1998,0,1,9,2
1380,South America,1999,0,1,9,2
1381,South America,2000,0,1,9,2
1382,South America,2001,0,0,10,2
1383,South America,2002,0,1,9,2
1384,South America,2003,0,1,9,2
1385,South America,2004,0,1,9,2
1386,South America,2005,0,1,9,2
1387,South America,2006,0,1,9,2
1388,South America,2007,0,1,9,2
1389,South America,2008,0,1,9,2
1390,South America,2009,0,1,9,2
1391,South America,2010,0,1,9,2
1392,South America,2011,0,1,9,2
1393,South America,2012,0,1,9,2
1394,South America,2013,0,1,9,2
1395,South America,2014,0,1,9,2
1396,South America,2015,0,1,9,2
1397,South America,2016,0,1,9,2
1398,South America,2017,0,1,9,2
1399,South America,2018,0,1,9,2
1400,South America,2019,1,1,9,1
1401,South America,2020,0,2,9,1
1402,South America,2021,0,1,10,1
1403,South America,2022,0,1,9,2
